{
  "Total" : {
    "transaction" : "Total",
    "sampleCount" : 120000,
    "errorCount" : 0,
    "errorPct" : 0.0,
    "meanResTime" : 360.4344333333364,
    "medianResTime" : 233.0,
    "minResTime" : 54.0,
    "maxResTime" : 11968.0,
    "pct1ResTime" : 563.0,
    "pct2ResTime" : 2454.9500000000007,
    "pct3ResTime" : 3540.9900000000016,
    "throughput" : 46.28929575465439,
    "receivedKBytesPerSec" : 2497.439217242464,
    "sentKBytesPerSec" : 41.67050853757843
  },
  "Login-page" : {
    "transaction" : "Login-page",
    "sampleCount" : 30000,
    "errorCount" : 0,
    "errorPct" : 0.0,
    "meanResTime" : 224.34483333333262,
    "medianResTime" : 135.0,
    "minResTime" : 54.0,
    "maxResTime" : 11968.0,
    "pct1ResTime" : 239.0,
    "pct2ResTime" : 1043.800000000003,
    "pct3ResTime" : 2817.970000000005,
    "throughput" : 11.573270374742494,
    "receivedKBytesPerSec" : 469.49437300963865,
    "sentKBytesPerSec" : 7.57807949052535
  },
  "Home" : {
    "transaction" : "Home",
    "sampleCount" : 30000,
    "errorCount" : 0,
    "errorPct" : 0.0,
    "meanResTime" : 608.8696000000043,
    "medianResTime" : 465.0,
    "minResTime" : 196.0,
    "maxResTime" : 7067.0,
    "pct1ResTime" : 1295.800000000003,
    "pct2ResTime" : 2484.9500000000007,
    "pct3ResTime" : 3521.9900000000016,
    "throughput" : 11.577406151616168,
    "receivedKBytesPerSec" : 1014.4369335151051,
    "sentKBytesPerSec" : 17.054010698102154
  },
  "Home-0" : {
    "transaction" : "Home-0",
    "sampleCount" : 30000,
    "errorCount" : 0,
    "errorPct" : 0.0,
    "meanResTime" : 292.75573333333386,
    "medianResTime" : 225.0,
    "minResTime" : 100.0,
    "maxResTime" : 4334.0,
    "pct1ResTime" : 341.0,
    "pct2ResTime" : 945.6500000000051,
    "pct3ResTime" : 2865.970000000005,
    "throughput" : 11.577888702527762,
    "receivedKBytesPerSec" : 16.35658688761652,
    "sentKBytesPerSec" : 9.527970743929519
  },
  "Home-1" : {
    "transaction" : "Home-1",
    "sampleCount" : 30000,
    "errorCount" : 0,
    "errorPct" : 0.0,
    "meanResTime" : 315.76756666666915,
    "medianResTime" : 220.0,
    "minResTime" : 93.0,
    "maxResTime" : 4843.0,
    "pct1ResTime" : 376.0,
    "pct2ResTime" : 1278.7000000000044,
    "pct3ResTime" : 2903.0,
    "throughput" : 11.57804509339816,
    "receivedKBytesPerSec" : 998.1361111242437,
    "sentKBytesPerSec" : 7.5268524413851825
  }
}